id,sequence,definition,taxon,organism
RT11_ACACA,MKILKPITFRKPRIISQKKVLRSKLSKVKKSPWYKAKKNYVSFRQRLVLAKKNPNKKRYYLFFSKKRNNVFLTITDVIGRVVVSQSAGSCKITTKKKKRSPDTLKTVSASVAKIARAKNIKYLFKFFMNTNQTKIGKTIFESFKKTGLFILQGVVVKNKSHGLLMRKKKAKRL,Acanthamoeba castellanii (Amoebozoa; Discosea); RT11_ACACA,Amoebozoa; Discosea,Acanthamoeba castellanii
Q2LCP3_DICCI,MQNKKIAHIVRIEMFEEKIDRLDLIFTKYVEYKFPLYLLGKLWLYKFIRRKFNLIGPLNEQILSPYLQFNLYFDKSKARKETFKVYLGKIGFVLLHVFYLSCIAYYDSFLYAKVMNDWLEEVMRTRY,Dictyostelium discoideum (Amoebozoa; Evosea); Q2LCP3_DICCI,Amoebozoa; Evosea,Dictyostelium discoideum
RT18_YEAST,MLLQPVWKGCRWTQFVRPIRRWNSTGTNRGVPFSFKDISNQEDITNISYPSSSDSVLTKSNGSSEVYKPKEEVVKYILHGKFTKNNTHLTFSSVVEDKNFHKNKGLTYNDTMLYYLNLPQKVKISLSTGCLGFRKAARGEYEAAFQTSGRMFELIKEKNMLNKDIEVVMDDFGKGRAAFISALVGKEGASVVKKVVKISDATKLKFGGVRSPKMRRL,Saccharomyces cerevisiae (Opisthokonta; Fungi; Dikarya; Ascomycota); RT18_YEAST,Opisthokonta; Fungi; Dikarya; Ascomycota,Saccharomyces cerevisiae
RT18_SCHPO,MVLKHSVTYNLSFFISFTFSSIFFSSLILFLVYKSVLSKLFFIKYLMLNLTKVGLRRFWSQSPRRNAPKKELSSLLESTITPKAFSKRTEEPNPIMQGTDTIPMPFYLHAKCLKNNTHITLCSPERKIIFRASGGTCGFRKGKRRGYDAAYTICSKVLEQIQVKRLGIENLHVIFHGFSQAREAVQNCLLGQEGAVIRDKIVKVMDRTPIKFGGPRGRRERRI,Schizosaccharomyces pombe (Opisthokonta; Fungi; Dikarya; Ascomycota); RT18_SCHPO,Opisthokonta; Fungi; Dikarya; Ascomycota,Schizosaccharomyces pombe
A0A098VT60_9MICR,MWGLPLLCTFSTNSKKGPILKKIYSSFFPLPSDPWLKVTGVNGRPETLFGSMYNNDDKSSLMKSHFGSPQWMGSASTILTDLAPKLLIKCTLNNIFLELSGEKGRPIWAISAGCLGFKNAQKTTNKTALAMMDALWLKLSQLSISKIRVDFRGVNPARQILLSQLRRPGLEIAEIMDTTPKPFNGPRPKKARRI,Mitosporidium daphniae (Opisthokonta; Fungi; Microsporidia); A0A098VT60_9MICR,Opisthokonta; Fungi; Microsporidia,Mitosporidium daphniae
A0A0C9M915_9FUNG,MLALKHTVPKACTQLRACAQVSQQRWTSSTTPQKADEKPTGQMEGILNALGVSKDYDASSILSEAAANTTKNDKKTSSLFALNNTFTHTLNNLNQSPHQLHINATFNNTIITLTRPNGAPLVTTSGGSAGFKKAARSGYEAAHQAAIQLLEKMDVKNLQVPNVHIVLKGFGPGRDAAFKALVSGTSWNVKRITDATPIPFGGCRPKKARRL,Mucor ambiguus (Opisthokonta; Fungi; Mucoromycota); A0A0C9M915_9FUNG,Opisthokonta; Fungi; Mucoromycota,Mucor ambiguus
RT11_HUMAN,MQAVRNAGSRFLRSWTWPQTAGRVVARTPAGTICTGARQLQDAAAKQKVEQNAAPSHTKFSIYPPIPGEESSLRWAGKKFEEIPIAHIKASHNNTQIQVVSASNEPLAFASCGTEGFRNAKKGTGIAAQTAGIAAAARAKQKGVIHIRVVVKGLGPGRLSAMHGLIMGGLEVISITDNTPIPHNGCRPRKARKL,Homo sapiens (Opisthokonta; Metazoa; Eumetazoa; Bilateria; Deuterostomia; Chordata); RT11_HUMAN,Opisthokonta; Metazoa; Eumetazoa; Bilateria; Deuterostomia; Chordata,Homo sapiens
A0A090KZP5_STRRB,MSELSSLLSDNSGVPETIDNSSNVNEQKATNNDDKMDTLEIEQEEDRNMDVQEGTEQGKTKFKVLLDSVKDEPLKETRLSIAVEDLLVHYHGLLSSFRVTCSSHLVSALDLPLKETAEIISKQVKDAALDVQSEFNKAYVQWKLSNPEEAEAEELNDITKAVERQNCLLNKFMFNLQNIVSKTGIFSKQIYNIIHRPLSTSNVALRSIRDLTNASSDEKNRSSTIEGTVGSEKWRTIDTSNFDDRLPGPELLTTSFDGILYKDLPIVYIKATKNNTLITVTDSDYNEITYTSCRLEGFKNAKKKSTIAGQTTGEAAGQRLKRRGILTVRVVVKGIGPGRISSVLGLAKCGINVVTITDNTPLNELGPRPRKIRRV,Strongyloides ratti (Opisthokonta; Metazoa; Eumetazoa; Bilateria; Protostomia; Ecdyzoa; Nematoda); A0A090KZP5_STRRB,Opisthokonta; Metazoa; Eumetazoa; Bilateria; Protostomia; Ecdyzoa; Nematoda,Strongyloides ratti
Q9VEN6_DROME,MSLKSVFLSALRSITMPAVPLQTSRIHTSACWRKAEDRKEMLASLPAKDEGTVGEKTVDIDTLINRKAKFFPDASTANTLFNGIPFNELPICNIRVSPNNTIISVTDHKGVLRLIRSCGIEGFKNTRKGTNIAAQATAVTISGKAIELGWKTVRVKVRGLGPGRMSAIKGLQMGGLNIVSITDNTHVSFNPPRPRKQRSL,Drosophila melanogaster (Opisthokonta; Metazoa; Eumetazoa; Bilateria; Protostomia; Ecdyzoa; Panarthropoda; Arthropoda); Q9VEN6_DROME,Opisthokonta; Metazoa; Eumetazoa; Bilateria; Protostomia; Ecdyzoa; Panarthropoda; Arthropoda,Drosophila melanogaster
Q389T7_TRYB2,MMQKSVTFLRRGKPRPRAGMFPDKYRRVPMLLKPQQGGQQYFNHFLIRSTNDRLTQQDVDNASGQAHSFISPQLPQMDWRNMSARSSEESIREEMRQLAENDVMQHQRVFNERMWYEKEEEHRMKARSCPEETSEHAISNDGAVPPPRVLGGDYFKTRFGYSLVKNSEMTQGPVDYSQLDMWGEMPRYTSDMVFLYLVSRRRNTYAVAYTYEGKRILNTYTAGNRGLKGGDRGFRSEGSTDNGHQVTSMYLNDLLPKLREMRASEGRPMGRGEKVELVVRVMGFYNGRQGAVRAVQDRANEFHVRYFEDITPFPLNGPKMPRGVFK,Trypanosoma brucei brucei (Discoba; Euglenozoa; Kinetoplastea); Q389T7_TRYB2,Discoba; Euglenozoa; Kinetoplastea,Trypanosoma brucei brucei
Q9G8P7_NAEGR,MNFPSILFFYKINSHYSDIRLAFLCDYYFKLHNILFTNLYIRIYRYKLTKLQKKNTKMNIQEKYKKIDRDLFSDKIKKKKRSFTKRKINMDTVDNSKRSFSYSFYSFYSFNENKSVLDNKKEYNRNRSRKKKHYVYINKFKDCGNQYNFDPFYPGTTYKLSEYNFYRTKKIKKKNIFIPKPKVDLSTFDPRLGEANFKYFNNYLFNLLLEIYNNKETNKKDFLTALKNNNLFFSNFLRFLKRRISYIKIIILNFKKVLRNYIYKLNLFNQSFTLDKDSLLSLLSYLKLKNSFFFKLYSKLLNNYNVAFIRLDKANNIFSIYIEIYNSLLSFLKKKHSALLSKKKKKSSSKDYFKRVNRAEKLHSILTNLHANTMRFFNVKEMYKWERKKSKSNIYVTINQYITLYRSLFKYYFLKDHFTNNAIIYIKATATNVYLYFIYGNKLLFKKSCGELPDIKKKERRFWRNIYPLVESFLPFLVQMKAKYKFPFVSLYLNGSSSLCTPLISRMRKHNKKFRRIVYFLFNEMDFFYNKTLEIKDKYRNRYNFYPVYRLKFYSILDGFNRLSKIFFAVNKVKDITSWPYNGCKKKKKKNVR,Naegleria gruberi (Discoba; Heterlobosea); Q9G8P7_NAEGR,Discoba; Heterlobosea,Naegleria gruberi
M4QE79_RECAM,MIKELKKDNKKDINNLFYGHVHVKASFTNTIVTITDTMGNTISWASSGSSGFKGARRSTSYAAQAAAENAGKKAVEHGIRSVKLITRGLGPGRLSCTKGLLSAGLKISLVGDLTPIPHNGCRAKKKKKSIEYILEVCIINSFKVYFIVFIKWNFFIWYIKHLLFVLKYKI,Reclinomonas americana (Discoba; Jakobida); M4QE79_RECAM,Discoba; Jakobida,Reclinomonas americana
M4QCR5_ANDGO,MFAIPKPIKKRRDLFSGVAHVHSTFNNTIITISDEKGNTLYWCSGGLAGFKGARRSTSFAAQSAAEQAGRKAFEAGLLSISVVLKGIGDGRESAIRGLQSSGLKITSISDETPVPHNGCRPKKQRRV,Andalucia godoyi (Discoba; Jakobida); M4QCR5_ANDGO,Discoba; Jakobida,Andalucia godoyi
A0A0B5GWC8_9EUKA,MKKKKYLRSIYLKLIRNRRIKYKNKHRTLWINNKNRDLFKKLKQYINKNKKVKQPKFIVNIGLTFKQVLNKYSLKKNKIIYKLNKRIEKKNSFRKIRKKINKIKYKNYFKTFIRLKKKKIRRRKVKENLKKKNIKEYNKRYKNKHKQKQKRRHKHKIKRTGLIYLKCTYNNIIITVTNLLGKTKLFLSTRKIGIRKNEKLSTYSIAQLLKVVKTHLYKFYYTKVIVNVSTIHYNNKKCINMMKKFKIKIKMIINKVPIAHNGCRKSKKRRI,Malawimonas sp. strain 249 (Malawimonadida); A0A0B5GWC8_9EUKA,Malawimonadida,Malawimonas sp. strain 249
A0A0B5GSE6_MALCL,MTIKGISINKQSNKQIKFKTNKYIKYKIFNIYIKTTLNNTFITLTDIKGQIKATCSGGKLGYKGSKRSTVYATENILLKILKTCLNSGVKKVQLFFNGIGKPKKMFIKLIRKNGIKIIALNDITPIPYNGCRLPKKRRV,Malawimonas californiana (Malawimonadida); A0A0B5GSE6_MALCL,Malawimonadida,Malawimonas californiana
A0A893DCX5_9EUKA,MSKLHISIVKIKITFSLRNSHVTISDVNGNILCHFSSGKLGFKGSRRGSSFASEVVLNNVIRYCMANNIVDTIVVLSGVGKGRKTVNRILKSSSLNILYIKDTTSTPFNGCRPPSLRRI,Imasa heleensis (Malawimonadida); A0A893DCX5_9EUKA,Malawimonadida,Imasa heleensis
A0A097PBN6_CYAPA,MEILIKKNLMVNLNNTELKLKKKKKTKKKNIKRFGKLYINIKSNNIIFTVTNKTNKVLFVISSGMAGFKKAKRSSLYAVEVTTEQVIKKIVQSNLYKFLLYLKGSNRKKRKACILLLKKAKLFFLKIKDITPIAHGGCRQKKSRRL,Cyanophora paradoxa (Glaucocystophyceae); A0A097PBN6_CYAPA,Glaucocystophyceae,Cyanophora paradoxa
A0A455RE39_9EUKA,MNSLLKKNNALKSTTFSFEKHTSKKANLRTPQASLHCCVIHTTLKKNNKNIFVNVTNTEGQTIIKFTAGSIRGGTNSAPMGKANRASSNSLPFLSRRVNTQTSRKGKKQPRTAARWIIEKISYFIRNNFDCVKIIVKGYTPKSLPYLRELKRQGKKLTVVYFQNRVPIPHNGCRPPRKRRI,Marophrys sp. SRT127 (Haptista); A0A455RE39_9EUKA,Haptista,Marophrys sp. SRT127
B2MWT6_HEMAN,MHAQEKDNMEIKNLNQKYLLQIGIVYVYTTFNNTLMTVTDIKGKTLIFTSAGFLGLKGVRRSTAYAGQTLTTVLSKNMSKLGIRFIQIRLKGFGNARKSVLKGFAATNLEIISIKDFTSIAHNGCRRKKKRRI,Hemiselmis andersenii (Cryptophyceae); B2MWT6_HEMAN,Cryptophyceae,Hemiselmis andersenii
RT11_CHOCR,MENKSKLIVLSILFTPNNILYYATQLNGNIIFWTSSGVHKQKNTKKVTLISITTVINYIKYKSVNYKGIHIRTKGFSKNKKLVIKQLKQSTLNILSISDKISWPHNGCKKRKIRRI,Chondrus crispus (Rhodophyta); RT11_CHOCR,Rhodophyta,Chondrus crispus
A0A7G9IVW5_9FLOR,MTNLNYSKSLLLKVHFQPTNILFTLTFLKGNIVFWTSVGMWKIRGTKKLTLAAIEIALKAIFKKVDQLNCKFLHIELYGFNKNKKTITKSLKNGSTKIKSISDKTSNPHNGCRKKKTRRI,Gelidiella fanii (Rhodophyta); A0A7G9IVW5_9FLOR,Rhodophyta,Gelidiella fanii
A0A1W6C6Z0_9FLOR,MYKSNLKSVKLNILFTSNNILCTVTDLKGRVLLWTSAGSKKNKGTKKVTLTAIIAILKLIFNYLNQSKIKYIHLNLNGFDRNKKIVLKYLKQSFLNILSVTNNSMLSHNGCKNLKKRYI,Gracilaria changii (Rhodophyta); A0A1W6C6Z0_9FLOR,Rhodophyta,Gracilaria changii
RT11_PROWI,MLVKKSQISRKFIEKKSGIVHIQSTTNNTLITLTDLEGNTQFFVSAGTLGFKNSRKSTVYASGAAAEALASKAFNEGYRTIIVKIKGLGYGKKSAIRGLQKSNLVIKQIQEVTPIAHNGCRPPKKRRV,Prototheca wickerhamii (Viridiplatae; Chlorophyta); RT11_PROWI,Viridiplatae; Chlorophyta,Prototheca wickerhamii
V9PA91_9VIRI,MSLSSDSSSPSLVNVHTQTQQEGDLRSMALQALRLRAKRIRHLVLRRHWSPAGSLPSTTLGGRKGSSLHWYLSGQNLVEEDSSRANFCEEDFPYKTRLQTLYTEGLETLSVSKTGTLQENAWATLQSGRARAQASNFSETLPTLGTQEGIDTHLLHKEEARFHARFYAQQKNRFPAYGCLHVTSVANNCFLGITDIWGQSLHHASTGSIGFTQKQRLTHPAFALGMKMAREAFQGGMKYFLLVVSGPGRGGSAAQAGITKVVQRHWKAARKEGVHPTFKRVGTLFVKKAPHNGCRLPAQRRKRRKTKVRPLRLGM,Prasinoderma coloniale (Viridiplatae; Prasinodermophyta); V9PA91_9VIRI,Viridiplatae; Prasinodermophyta,Prasinoderma coloniale
A0A650AKK6_9CHLO,MKSGVLYISMQLNNTFYSIQSVGSLSAGCAGFKGAERSTPYAVQLTAEKVGKLCLQKGYRSLSVVFLGNHSHRNRQAALRGLGASGIEITDLYSKIRVSYNGCRPKKKRRI,Prasinococcus sp. CCMP1194 (Viridiplatae; Prasinodermophyta); A0A650AKK6_9CHLO,Viridiplatae; Prasinodermophyta,Prasinococcus sp. CCMP1194
RT11_ARATH,MNGVSRHLRASSLLSLIRSYGGINSVCRFSSQSDGFSGGRFREQVPVSGESANNSGLSNTGRIGSSPEPNPSTLRTFGDMKAGLLNRGVNGFSAPNAPPTFKSSLRSRLPNSLPDQFGQTNPGLPNTGGSGFSAPSLSSYENFTQSSSLLKENSRSGGKSSDLDFVREVIEDEGRRTAGIFSHFQRPNLETNADIIHIKMLRNNTFVTVTDSKGNVKCKATSGSLPDLKGGRKMTNYTADATAENIGRRAKAMGLKSVVVKVNGFTHFGKKKKAIIAFRDGFTNSRSDQNPIVYIEDTTRKAHNGCRLPRKRRV,Arabidopsis thaliana (Viridiplatae; Streptophyta); RT11_ARATH,Viridiplatae; Streptophyta,Arabidopsis thaliana
V5KVI1_9ALVE,MRIYKIKKEKINNQSNNSNLVLSMFPNNYFCVFFNKYGKMVESFSMGLFGYKKSKRKSIYVFKKIMNDFFVKWGSFGKVNIIINCYNFNNILVIMKILQMNKKLIDTVYVRGFYSYNGSLKKKEGR,Acavomonas peruviana (Sar; Alveolata; Colponemida); V5KVI1_9ALVE,Sar; Alveolata; Colponemida,Acavomonas peruviana
Q8IKT3_PLAF7,MNVLSKNKSLVNYKTIFSSPIYMNICINHFVNKLINVYSAKSLKFTTLSSDAVKAITNLKESVKKPDKKKKNITRETLKNCQGHKRRYKLFGDREEFHNIDRDKNNLIIEPTDSFRAVITTSKNNVHIQVVNKSKNYKTIFGSFAGNVGFTKTLQQSERCAYRIGENIAKKCRRLGIFSIDIKFRRIMRVETVLQAMYANNLNITQIIHEPRLPKCGLNASKPRKRRRV,Plasmodium falciparum (Sar; Alveolata; Apicomplexa); Q8IKT3_PLAF7,Sar; Alveolata; Apicomplexa,Plasmodium falciparum
A0A2H6KA17_9APIC,MRLCNYVRRLFGAVPNSSQSQCRTKIGHRLGCSSIATLWTGSVYRRGFAAGSAAKLNAITSAMPGKNRMLTKAELKNFPGHLQRYKKYGGLPEFHNVDRNSHGFIALPTDRFMLVLTTSKNNVHAQLVNRSRDKRTVFGSFAGNVGINKKQQQTERCAYRIGENMAKKCKRLGVFAVDVKFRRLMRIETVLQAFQAEGLHVGQLIHEPRLPKTGINSVRPRRRRRV,Babesia ovata (Sar; Alveolata; Apicomplexa); A0A2H6KA17_9APIC,Sar; Alveolata; Apicomplexa,Babesia ovata
Q950Z8_TETTH,MVQKKFNFKKDSFFYEGYVWNHSLNIIHDIQLNYLDKNSNAIAIKYAKTLNIMSSLYRNLTFKKFDFIKIWYWYYLYYIKNIYFKNLINKNNNYVFEKPNIFVFNIKSKQIRLAVLTSKNYVYNLTVGKILSSLNIKEKSKKKSNKGERLFSEYLENFFKNKNIRFGTKKLAIIKLKYFKKGFKLHESIFKTLNKNLFIINTIYDFKVPNNFFKFKKIRSIKKRIKKKLIKDENTLNF,Tetrahymena thermophila (Sar; Alveolata; Ciliophora); Q950Z8_TETTH,Sar; Alveolata; Ciliophora,Tetrahymena thermophila
A0A096XTV8_9EUKA,MLSNNLDFFSTNSVTHTFKKVQELFSALQYKVYFLTIRSTLNNFYITLTNNFGQIIVVRSGGTLKSSSKKNTSYNLELILLEIFKIFAKLQIQYILLKIDFMILKKKIITKILQKFNIKIIGIQLNSFPSFNGIRAKKKRRI,Spongospora subterranea (Sar; Alveolata; Endomyxa); A0A096XTV8_9EUKA,Sar; Alveolata; Endomyxa,Spongospora subterranea
A0A5K7W0H7_9EUKA,MFQLKLNNFFQKVFFFKKKDLKLVKFVNFEKYLNFLFVEVEKTFFKKKFFFLHFKLSNSNSYLTILYGNKLIFWNSVKSFKTKSKKFKFYFFNSIKLLCNSAIFFFGKLIKNLKKKKLNLFLLFSGLNKYRRYISKFFVFNSFFMVLNIYSMSFSSHNGVRCKKSRRLAKKKRRKFFMFAEFKKRKKNIFFFFFKSFDFFFLQDFFLKFNIFFFFNISKFNFLSFRKNEIKVLRAPISFGKQRNSFFKKVFFAKFNIFFFGSNFLRFYFLEWLRNFMLDKFSINLKILSKRKSYKF,Paulinella micropora (Sar; Rhizaria; Imbricatea); A0A5K7W0H7_9EUKA,Sar; Rhizaria; Imbricatea,Paulinella micropora
A0A481XKJ5_9STRA,MFSIYINSSFNNTHLSIYYNKRIVFKASSGMSSIRGSFKKNSNMSLIMLGVHAANFLESFFNGKPRIIFYFSGLGKGKFYILKAFQKFQIEHCYFSASVPFNGCRQKKKRRLL,Aurantiochytrium acetophilum (Sar; Stramenopiles; Bigyra; Labyrinthulomycetes); A0A481XKJ5_9STRA,Sar; Stramenopiles; Bigyra; Labyrinthulomycetes,Aurantiochytrium acetophilum
I3PIE9_9STRA,MYLITNQQVANTKNTISLTKYNKFQINSSISKKTKQAIKTYDKKKTKLNLKFLKIYQSNTFYLQNYKIFFQQLSSNTNIINIYIQTTLNNMFITISTKNTILTKSLAAIGFKGKSKQTSYAYKTFAEFLVTELQTFAEQTKSQIIVNIFAKSINHKLKIFLKILSTNNIKINKIYDITPIPYNGCRKKKISIKKKKKSMIKYLSYR,Blastocystis sp. subtype 8 (Sar; Stramenopiles; Bigyra; Opalozoa); I3PIE9_9STRA,Sar; Stramenopiles; Bigyra; Opalozoa,Blastocystis sp. subtype 8
I6N5S0_9STRA,MNLSHTLFNTVSNKLRLKVSLLNEEKLYVKSLRAQIESLKKIKENSYKDISIQKNQLENGNNQNLVIMYVINISFLKANTTIHVSDIKGNMKLFYSAGSVGLAGKQKRKRRVAALKLISLILKRATFLNKKPVALHLKNVNSYKNIIVSKLKRSLFIRVVKSFNQIPYNGCRKKKVRRKKYTKKFR,Endosymbiont of Kryptoperidinium foliaceum (Sar; Stramenopiles; Ochrophyta; Bacillariophyta); I6N5S0_9STRA,Sar; Stramenopiles; Ochrophyta; Bacillariophyta,Endosymbiont of Kryptoperidinium foliaceum
A0A0S2M9U8_9STRA,MLSLKIANKSFFHLIWLTKIILNIYSLKLRFKIYKKETFSFYLSWLILFTFTKLYHIKTKINYFTAYILFSFFTHQKLISYVINVNLSLTNTLINVNDIKGNPKFFYSAGMFNLQKTQKVRQPKAIITILKSLLVKNKSFRTKPVALHFNNLFFNHQSYIYKKLKRKIFIKLVTSYNYHPHNGCRLKKKKRIKIRTRTKKL,Skeletonema marinoi (Sar; Stramenopiles; Ochrophyta; Bacillariophyta); A0A0S2M9U8_9STRA,Sar; Stramenopiles; Ochrophyta; Bacillariophyta,Skeletonema marinoi
D2Z202_9STRA,MVSYSLKLLDTLTQKQSNSKSNNLLKLPETNKKKPLIKLDGILYGQFTNQNTIFTLTDLKGKVKTTLSNGMVGYKNSKSKTRFGTQAAAERISQKAKALGFYFITFIMKGKNKGRRKCVLTLQKSGLTIKNIFDQTPTIHNGCRPKKEKRTKAKTSSHK,Chattonella marina (Sar; Stramenopiles; Ochrophyta; Raphidophyceae); D2Z202_9STRA,Sar; Stramenopiles; Ochrophyta; Raphidophyceae,Chattonella marina
D2Z247_HETAK,MQKKFDLKSKIQKLPSKPSKIQQEGIIYGQFSKQNTIFTLTTLTGQVKTSVSNGMVGYKNSKSKTQFATQAAAERLGQKAKALNFGSITFVIKGKNKGRKKCVKTFQKAGLKINMIFDQTPIIHNGCRPPKEPRR,Heterosigma akashiwo (Sar; Stramenopiles; Ochrophyta; Raphidophyceae); D2Z247_HETAK,Sar; Stramenopiles; Ochrophyta; Raphidophyceae,Heterosigma akashiwo
Q9G905_OCHDN,MPGRPFIPIEMDDFYTHSCFTFKVGPNNVFCTLEHFEGFKIKLLNSASSGKYKIPLSKKTLKHKAKFVILSFLKEIQSKNILLTDSLCIKLTAPVRLKKVVLKLLIPYLKNKNFVVEVLPKKVFNGCRSRKKIRKKRKGLRLFK,Ochromonas danica (Sar; Stramenopiles; Ochrophyta; Chrysophyceae); Q9G905_OCHDN,Sar; Stramenopiles; Ochrophyta; Chrysophyceae,Ochromonas danica
K9ZVE2_9STRA,MFKLKEFYQYKRELKKDNANLQDKLLSCKFQPTNQKNSVLAKSCQAILYVKSSKNNTIVSLTNLKGRVQFIKSCGSLGFQGKKKRTTKFAVKSTLCFIIKKAQEQGHQKVFLHLNGFARARSAVLHYLNKNNLEIEGIRDLTPNPHNGCRPKKVRRV,Nannochloropsis gaditana (Sar; Stramenopiles; Ochrophyta; Eustigmatophyceae); K9ZVE2_9STRA,Sar; Stramenopiles; Ochrophyta; Eustigmatophyceae,Nannochloropsis gaditana
A0A4Y5T7N7_9PHAE,MLEEKAFAQKVPSFRTSRIPFEQIKTGSFTFVLSSSRKNMFCVILELNKVKTSQSSGCLKPENEKDKKKSFRRCRRLGESIIQTGIKRFQIKSFNIYTRLSRKTNKGVLKGLTKTGKSYRMRIDYQKVKPLIPHNGCRPPRSPRKKNKKRKRG,Ishige okamurae (Sar; Stramenopiles; Ochrophyta; PX clade; Phaeophyceae); A0A4Y5T7N7_9PHAE,Sar; Stramenopiles; Ochrophyta; PX clade; Phaeophyceae,Ishige okamurae
A0A1L1ZK89_9PHAE,MLFNNRYFIETSFKFKSASHFRRKVVKNTLTVRYLNDNTRTNKLGSVYLRCTKRNIFCTLVDCKSRAIKTSCSLRVPDYKNEFNERENLYTRGLLLGKLFGNKIISFGYNKIIVHIMGTSKGRFGVVRSFSKLGINIHSIVLITRTAHNGCRPVKRRRKKLRTKVVGFK,Sargassum aquifolium (Sar; Stramenopiles; Ochrophyta; PX clade; Phaeophyceae); A0A1L1ZK89_9PHAE,Sar; Stramenopiles; Ochrophyta; PX clade; Phaeophyceae,Sargassum aquifolium
A0A649UBQ5_AURAN,MIKQKQLEKSLSVISIQCSSNNTIASLIDPSGNLITTLSCGYLKYKGSRKSTQIASQQVIFCLGEKALSLGYNRLLVKIKGIGKGRNSIIKELKKAGLELVKVIDVTPIPHNGCRIAKGKK,Aureococcus anophagefferens (Sar; Stramenopiles; Ochrophyta; Pelagophyceae); A0A649UBQ5_AURAN,Sar; Stramenopiles; Ochrophyta; Pelagophyceae,Aureococcus anophagefferens
Q9MGA4_9STRA,MQKQKKNLNFLQKINTRFRKKMKYKSYILNYTLNNLIYNLPKIKISLRVTQNNIFFTLIDLKKNETKLISSTGIEKIKTTKKLLKFSTKIILPIFFNKILTLTTNQTTIFIELNCPILIKKRLLKQINKLLNKNILLINTANNKCFNGCKEKKKKRKKLRTNKFRIFK,Synura synuroidea (Sar; Stramenopiles; Ochrophyta; Synurophyceae); Q9MGA4_9STRA,Sar; Stramenopiles; Ochrophyta; Synurophyceae,Synura synuroidea
A0A0K2RWM4_9STRA,MNKKLKKQRRGGKYTRITKDRLKLRPVKGILSLKFSRNNTVGSLSDLEGKIKYKVSAGLLDFKNSKKSTFYASESVVKQLASKALELGYDTIFLHLTGNGRGKNRCLDLINKKRLKVLSISDFTSSPHNGCRPPKIRRL,Triparma laevis (Sar; Stramenopiles; Ochrophyta; Bolidophyceae); A0A0K2RWM4_9STRA,Sar; Stramenopiles; Ochrophyta; Bolidophyceae,Triparma laevis
A4ZHA3_PHYSO,MNKNKFKYNFRNKFKKSKNKKKNPLILANIHITASLKNTIISLTKHNGNLLKQWSTKSLKKTRFKKNTPYNVQLIVYKINKYLQLKKIKKLKIFLHGTGLGRYNVLKNLKQKNFKVKYLLDKTTKPFNGCRLKKQKRR,Phytophthora sojae (Sar; Stramenopiles; Oomycota); A4ZHA3_PHYSO,Sar; Stramenopiles; Oomycota,Phytophthora sojae
A0A0B5H7Y1_THETB,MSAIIDTKIYIKCTLNNTIINITNAEGDSLYSISAGHLQFKKSKRTSAYSAKICLQKALDKVKTFKPKYISVDLKGLSFARMAILKELKNINDLPIVLFTDSTPRPFNGCRKRKQRRI,Thecamonas trahens (Apusozoa); A0A0B5H7Y1_THETB,Apusozoa,Thecamonas trahens
A0A2H4R8E3_9EUKA,MLALRIKRLLERRIRQGGATILIPAATSVGVAAITSSHNNTHIHLADSNGKTLSALSCGTIGFVGAKRSNSYAAQTLARRTADIAVSNGINLLDLKIKGLGRGRFAAAQALRAPRLQIRSLAETTGIPHGGCRPSKRRRL,Ancoracysta twista (Eukaryota incertae sedis); A0A2H4R8E3_9EUKA,Eukaryota incertae sedis,Ancoracysta twista
A0A1E1GHS6_9EUKA,MKTLNDSNSVVMVININATYNNTIINVTDFKGNVTFISSAGMVGFKGARRSSSFAAGAVAQKICTYLKQIKFDEIIVKIKGLGNGRESAMRTLIKYKLPIKTILDVTPRPHNGCRPCKQRRI,Palpitomonas bilix (Eukaryota incertae sedis); A0A1E1GHS6_9EUKA,Eukaryota incertae sedis,Palpitomonas bilix
A0A5P8DJX1_9EUKA,MTFIKQFDVKRLAIITINSTQNNTIISARDLNDRIITSSSVGLALKKRRGKKSVASGAQLSSGYVVSKLTSLGYSKIIIQVKGFGRGRESAIYGFSSSTLVIQRVIDVTPKPHNGCRPKKSRRI,Telonemida sp. (Eukaryota incertae sedis; Telonemida); A0A5P8DJX1_9EUKA,Eukaryota incertae sedis; Telonemida,Telonemida sp.
A0A1X8VEX4_9EUKA,MDKLKQKVNRNIDKFSDSGSHKRILLLTSRERQTRLRAEYVKKKKMDRFAALKKHKLLNQKLLHKIRVKRWRLRNFFKKGTGGASKSRRSKALRMKSFFKEMYCRRYKYKLRGKARGLRMALSPLRWFHFTTFPHEKFKKPGFLVKEFLIRGYFHNRTKRWSLRKKTKKVAKFISGLFNRIPTLDSWRYRRHLSELLYLIVFPRKNYLRTSLLINKKLLYITTGVTSKMLLFLRTNSPDNIMRLGSFPTNSVHLNNHYYNFVFSFLGNKNIIDSAIFEPTLNNKFQNDSFNVLGLYEKVLIYLNLIGLKNIKFPRSLIQQFIKLRNLKIDDKILTDTTISYLRQGLRSQSITCLKNKFISIQFLNKIFLFSKLLKRRLYNLRQVDFQHIYYNLNTFYSFDYIGKYTESLFTLKRIYYSSKFSRRRKKGSLKKSRHLLRFYGKKFKELFKNILLQKLYFTFVRAKVRLKPVRKAKRNRLKMAKLHKWPITRRIENRSRWEIDKINTKNQDIHIKQGQHSNISQSQNSGVNQMRQSKTNRPQNFNPKQWQNPKNRQWQNPKNRQWQNPKNKQWWSPKPKLRKKKIRRLGNNNKLGRPRVPTVVVRSTYSNTLVTLLDRNLRVRQSWSCGRIGFKKAKKSTYYASNQLGVKIGKLLREDKRWAKFFLILRGIGYGKKAVLKGLRQSLRLRTTLYGYIQDVSLPHNGCRSRKRKRR,Eukaryota sp. BB2 (Eukaryota incertae sedis); A0A1X8VEX4_9EUKA,Eukaryota incertae sedis,Eukaryota sp. BB2
RR11_GUITH,MVRQVKKSSLKKNKKVAANGVVHIQSTFNNTIVTLSTLEGDTVAWASSGAIGFKGAKKGTPFAAQIAAEKATKEAISQGMKKAEVLINGPGSGRETAIRALQAAGLEITLIRDITPVPHNGCRPPKKLRV,Guillardia theta (Cryptophyceae); RR11_GUITH,Cryptophyceae,Guillardia theta
RR11_EUGGR,MIKQKKKIIKITKKKFPKGIVHIKTTYNNVLVSVSDPKGNVIAWSSSGACGFKSSKKATPLATKTTTAIAVKKAIEQGLQKVEINISGPGTGRETALKCVQSLGLRISCIRDVTPLPHNGCRPSKRRRI,Euglena gracilis (Discoba; Euglenozoa; Euglenophyceae); RR11_EUGGR,Discoba; Euglenozoa; Euglenophyceae,Euglena gracilis
RR11_CYAPA,MARQIKRSGTTKQKKNIPVGVAHIQSTFNNTIISITSPTGEVIAWASAGSSGFKGARKGTPFAAQTAAENSARQAMEQGMRQIEVIISGPGSGREMAIKALQATGLEISLIRDITPVPHNGCRPPKRRRV,Cyanophora paradoxa (Glaucocystophyceae); RR11_CYAPA,Glaucocystophyceae,Cyanophora paradoxa
RR11_EMIHU,MIKQVKRFTSKKSKKTVNAGIVHIKSTFNNTIVNITDKQGNTLFWASAGGCGFKGAKKSTPFAAQSAAEKVGSMAVEQGMKQAEVIISGPGNGRETAIRALQSCGLEVLLIKDITPVPHNGCRPPKKRRV,Emiliania huxleyi (Haptista); RR11_EMIHU,Haptista,Emiliania huxleyi
RR11_PORPU,MARQIKKSGARKNKHNAVNGITHIKSTFNNTIVTITNLKGETLSWSSSGASGFKGAKKGTPFAAQTAAEKAAKQAMDQGMRQTEVLVNGPGAGRETAIRALQAAGLEITLIKDITPVPHNGCRPPKKRRV,Porphyra purpurea (Rhodophyta); RR11_PORPU,Rhodophyta,Porphyra purpurea
A0A1C8XS08_9FLOR,MQEQEEEQKKQLQEKRKLQENNKLLKIKTNIQKHLTLNNMARQIKKKNKKNKKNIINSITHIQSTFNNTIITITDLQGETITWCSSGASGFKGAKKSTPFAAQTAAEKAAQYAIEYGIKQTEVMVKGPGTGRETAIRALQAKGIEITLIKDITPVPHNGCRPPKKRRV,Dasya binghamiae (Rhodophyta); A0A1C8XS08_9FLOR,Rhodophyta,Dasya binghamiae
RR11_CHLRE,MAKQTRKLTTNKTKKKIFRGVVHIQAGHHNTIVTITNIRGEVLCWSSAGACGFRGKRKSTSFAAKKAAETVARKSRDFTMKAAKILVTGPGQGRESAIREIFKAGIKVSVIREKTGIPHNGCRPPKKRSV,Chlamydomonas reinhardtii (Viridiplatae; Chlorophyta); RR11_CHLRE,Viridiplatae; Chlorophyta,Chlamydomonas reinhardtii
RR11_HELSJ,MPFLLNNFKFSRFRSFATKLEKTKGFFNYQPLTKFKQKYSLDVAYVYIISSYNNTLISLTDFLGNVLKNESCGSCNYKGRFKRKFIASKQAAENIVSFCKFQRIKRLVIILHGYGKGSEMVIRTIREKELKILDIKIKDKKPYNGCRQKKKRRI,Helicosporidium sp. subsp. Simulium jonesii (Viridiplatae; Chlorophyta); RR11_HELSJ,Viridiplatae; Chlorophyta,Helicosporidium sp. subsp. Simulium jonesii
A0A088CIA9_9VIRI,MQKTKRKNLTTLKRKKKITNGIVYINATFNNTLVTVTDWTGNVYSWSSAGACGFRGAKKSTPFAAQTAVRVALQPCIDRGLQTAEVILCGPGSGRETALRAVHTAGVRLTLIRDVTPVPHNGCRPKKKRRI,Prasinoderma coloniale (Viridiplatae; Prasinodermophyta); A0A088CIA9_9VIRI,Viridiplatae; Prasinodermophyta,Prasinoderma coloniale
RR11_ARATH,MAKPILRIGSRKNTRSGSRKNVRRIPKGVIHVQASFNNTIVTVTDVRGRVISWSSAGTCGFRGTRRGTPFAAQTAAGNAIRAVVDQGMQRAEVRIKGPGLGRDAALRAIRRSGILLSFVRDVTPMPHNGCRPPKKRRV,Arabidopsis thaliana (Viridiplatae; Streptophyta); RR11_ARATH,Viridiplatae; Streptophyta,Arabidopsis thaliana
Q9XQQ4_TOXGO,MITNKIFTLYIKSTGKNTFLSLLQNNLIFNTNKLILDKKQNILNTYSCGNFGFKNRKKETAFACSFIVTKILLLIINLKIKFFHIVMKGIGLYRKIILTTILTFLNEHPDLKLLSITDLTQSSFNGCSSKKRKKH,Toxoplasma gondii (Sar; Alveolata; Apicomplexa); Q9XQQ4_TOXGO,Sar; Alveolata; Apicomplexa,Toxoplasma gondii
H7CDF6_PLAMA,MIFNNIIIFLYFKLTLKNTLVTISKYNTKLIYIKTIKSMSCGSLKYFKNRLKNTILANNMLVINIIKYLINKNFLNINIIFNGVNSYRIHILKLLLNIKYKNKQLNINKLFDLTSIPYNGCKISKKKC,Plasmodium malariae (Sar; Alveolata; Apicomplexa); H7CDF6_PLAMA,Sar; Alveolata; Apicomplexa,Plasmodium malariae
D9IXD9_9ALVE,MSIPSDFERNQWSNLPNRKASSRHKKVRDNRPTTSKTTNFSVSQKPLGKQIPESRTVEGPFKKRKPYKWKSKRSEVRTADTKASSLGLTSFKLTKTRNFKTLSGQKGPELRTADVPFKKLKPYTPKSKISEDRPMDKKAFSSVAAPWKPTKTMTYKVSKKLFGKKGPELRMVDVPFKKPKPYKSTSKISEGRPIDKPSGATSVKLNKTKNFTVSETILSQQRSELPALKSPEKKEERYEPKSKISEGRPNDQTTASAGNSSLKSTKNMKIDVRGAKKKKSWDHVSRMIQMYKSTVWRPTPKELYKTNYFTDFFDAYPAFRRILKQDQMAIIILYFQLSRKNTKISIIQSNEAIHLKVIRTIDATTPLYGEVAVFNLEKRLEGLRFLPQTVSFNELYIQKYAILAKLKTFITYYSQKWASETFLNWSHPKTYYFLHKYNVPYDYLKTFNFDDLTQAFRLPKRKFVRRYERLLTCFTAGMLRLVGKRRSTPFAAREITSKAIRYIRKHDFVYVRVFFRGVSANRTYIIRTLFSTSYFGSALKILSLADITSAPYNGCRPKKYRRR,Chromera velia (Sar; Alveolata; Colpodellida); D9IXD9_9ALVE,Sar; Alveolata; Colpodellida,Chromera velia
D9IXR1_9ALVE,MARFGKTTSKIAVVYVYVTRQNVILTLVDLKSRKGWLDTIDRKRSFLVRTVACVSSGQCGFRGKRKTAPFAINLTTKKLLKSASDLGYTHLRLVLRGNGYNRETILKTFLRAKTKQHRIPILSVTDVTLAPHNGCRPKNRKRR,Chromerida sp. RM11 (Sar; Alveolata; Colpodellida); D9IXR1_9ALVE,Sar; Alveolata; Colpodellida,Chromerida sp. RM11
A0A0U1WPB5_KARMI,MQELQPTSPRYLIKTDLTSKNKLVHLEMTERRRRKRKKIKSLEEIKIGKDFGQHSGSEEVGEGREGGSPERTRRGRKKRLRGQIHILANFSNTIATLTDLKGNVLRWASGGSSGFKNTKKKTPIAARAVVRKLIGETRTMFNITEVQVTVAGAGWGRTYAVWALAKSRVRISRIRCTNSIPYNGCRPRKRRKLRRRTKRKAPATGPFRPLRNNLCKLFLKRGGILKRFLINKKRRRARRRQHS,Karenia mikimotoi (Sar; Alveolata; Dinophyceae); A0A0U1WPB5_KARMI,Sar; Alveolata; Dinophyceae,Karenia mikimotoi
D7PJJ8_9DINO,MAQTNRKSTTKKTKNSFASGIVHIQSTFNNTIVTITNLTGDTVSWASAGSSGFKGARKSTPFAAQTAAEKAALTALSTGMKNVEILVKGQGSGRETAIRAIEGAGFEITSIQDITSVPHNGCRPPKRRRV,Kryptoperidinium foliaceum (Sar; Alveolata; Dinophyceae); D7PJJ8_9DINO,Sar; Alveolata; Dinophyceae,Kryptoperidinium foliaceum
A0A0F7R552_LEPCH,MVHFIAKIVSPTFQIKKAYQKGIVHIRTTYNNTLITIRSNFGKVIAWSSSGICGFRGARKRTPFAAKTVAENAAKKTMKHGIQKVRVYLFGPGFGREIAIRRICEGFHVKIIRDVTALPHNGCRSPKRRRVLIKWF,Lepidodinium chlorophorum (Sar; Alveolata; Dinophyceae); A0A0F7R552_LEPCH,Sar; Alveolata; Dinophyceae,Lepidodinium chlorophorum
RR11_BIGNA,MVKQIRKLTIKKAKWKASDGIVYIYATLNNTIITIVDTSGRVVSWSSAGICGFRGARKASPFAAKTAAEYAARQCINKGINRAQVLVKGLGTGRHTSIRGLQDAGLKISLIRDITTTPHNGCRQPKRRRV,Bigelowiella natans (Sar; Rhizaria; Cercozoa); RR11_BIGNA,Sar; Rhizaria; Cercozoa,Bigelowiella natans
A0A1L5YCB3_9EUKA,MAKPTKKSGPKKSKRNVPNGVAHIQSTFNNTIVSIADTAGEVIAWSSAGASGFKGARKGTPFAAQTAAEAAARRALEQGMRQIEVLVRGPGSGRETAIRALQVAGLEITLIRDVTPLPHNGCRRPKRRRV,Paulinella micropora (Sar; Rhizaria; Imbricatea); A0A1L5YCB3_9EUKA,Sar; Rhizaria; Imbricatea,Paulinella micropora
RR11_THAPS,MAQKFRKQAVKKNRTNLGTGVVHIQSTFNNTIVTITNMSGDTISWASSGSSGFKGARKGTPFAAQTAAEKAALDALSTGIKTVEILVKGQGSGRETAIRSIEGAGLEILSIQDITPVPHNGCRPRKRRRV,Thalassiosira pseudonana (Sar; Stramenopiles; Ochrophyta; Bacillariophyta); RR11_THAPS,Sar; Stramenopiles; Ochrophyta; Bacillariophyta,Thalassiosira pseudonana
RR11_HETA4,MIKQIKRKKVKKNVVVGVVHIQASFNNTIVTITDLGGNTLSTGSAGAVGFKGARKGTPFAAQLASEKAAEKATEYGLKKVEVLVKGQGSGRETAVRAIQNSDIEITAITDITSIPFNGCRPPKRRRV,Heterosigma akashiwo (Sar; Stramenopiles; Ochrophyta; Raphidophyceae); RR11_HETA4,Sar; Stramenopiles; Ochrophyta; Raphidophyceae,Heterosigma akashiwo
A0A7S6TB71_9STRA,MITHNKKKQKKTHISGVAHIKTTFNNCIITISDLLGNTLCWSSSGCSGLKGARKSTAFAAQSAAKLAALKAADFGIKKIDIIVKGRGKGRESSIRALKLAGLRILSIEDKTRVPFNGCRPPKRRRL,Poteriospumella lacustris (Sar; Stramenopiles; Ochrophyta; Chrysophyceae); A0A7S6TB71_9STRA,Sar; Stramenopiles; Ochrophyta; Chrysophyceae,Poteriospumella lacustris
A0A514CPU9_9STRA,MLAKTKTTSSSTRKQKLNINIGVVHIQSTFNNTIVTVTDVSGNTISWGSAGSSGFKGARKGTPFAAQTASENACLTALNLGLKKVDILVNGQGSGRETAIRAIQNSGLEILSINDITSVPHNGCRPPKKRRV,Rhizochromulina marina (Sar; Stramenopiles; Ochrophyta; Dictyochophyceae); A0A514CPU9_9STRA,Sar; Stramenopiles; Ochrophyta; Dictyochophyceae,Rhizochromulina marina
K9ZXL8_9STRA,MNQKLNKGKRKINLSLGFACIHSTFNNTIISITDPKGNVITWASAGSSGFKGSRKKTQYAAQMAAKNASAKALKLGIKKVGVILNGPGNGREIAIKGIHATGLEIISIEDKTGVPHNGCRAPKRRRV,Nannochloropsis gaditana (Sar; Stramenopiles; Ochrophyta; Eustigmatophyceae); K9ZXL8_9STRA,Sar; Stramenopiles; Ochrophyta; Eustigmatophyceae,Nannochloropsis gaditana
A0A0S0GLZ9_COSCS,MKKKMKRTIVTGTMHVHATFNNTIVTVSDLNGNTLSWASSGTVDFKGSRKGTPFASQKAAEKAALIAKEAYGLKRLEVVIKGSGPGREPAIRAVYQKGIRIVSIKDVTFIPYNGCRPPKRRRV,Costaria costata (Sar; Stramenopiles; Ochrophyta; PX clade; Phaeophyceae); A0A0S0GLZ9_COSCS,Sar; Stramenopiles; Ochrophyta; PX clade; Phaeophyceae,Costaria costata
B7T1W4_VAULI,MFQKTKKKIKRNIPSGIVHIHSTFNNTIITVTDLKGNSVAWASAGTAGFKGTRKGTSFAAQLAAKKATLQAIDSGLKKVKVLVKGRGPGRETAIRALQTTGVKIVSIKDITPIPYNGCRPPNRRRV,Vaucheria litorea (Sar; Stramenopiles; Ochrophyta; PX clade; Xanthophyceae); B7T1W4_VAULI,Sar; Stramenopiles; Ochrophyta; PX clade; Xanthophyceae,Vaucheria litorea
C6KIM2_AURAN,MVVKTKRSTKKQKKNIVSGVVHINSTFNNTIITITDLAGNTISWSSAGSVGFKGARKGTPFAAQTATEAASTAAMGQGLRKVEVLIRGQGSGRETSVRALEVLGLDIVSIKDITPIPHNGCRPPKRRRV,Aureococcus anophagefferens (Sar; Stramenopiles; Ochrophyta; Pelagophyceae); C6KIM2_AURAN,Sar; Stramenopiles; Ochrophyta; Pelagophyceae,Aureococcus anophagefferens
A0A3G2QYQ8_9STRA,MVKQKKSKKKVVAVGIANIKTTFNNTLVTISDLLGNTICWSSAGSSGFKGARKNTPFAAQTAARNAALKALELGMEKVEIVIKGRGNGRETSVRALKSAGLNILSIEDKTSIPHNGCRPPKKRRL,Synura sphagnicola (Sar; Stramenopiles; Ochrophyta; Synurophyceae); A0A3G2QYQ8_9STRA,Sar; Stramenopiles; Ochrophyta; Synurophyceae,Synura sphagnicola
A0A0K2RWC8_9STRA,MVQKIKTKKDKRIIPLGVVHIQSTFNNTIVTISDIKGDTLSWASAGSTGFKGARKSTPFAAQTAAEKAALDAVNLGLKKVEIVVKGQGSGRETAIRSIQGAGLEIISIKDITPVPHNGCRPPKRRRV,Triparma laevis (Sar; Stramenopiles; Ochrophyta; Bolidophyceae); A0A0K2RWC8_9STRA,Sar; Stramenopiles; Ochrophyta; Bolidophyceae,Triparma laevis
